Dataset,Model,Best KID,Total Train (min),Avg Sample (s)
Flowers102,DDIM,0.049473938,38.131907575166665,2.19174769404
Flowers102,WGAN,0.1173176765441894,51.42541257143021,0.3503891658782959
MNIST,DDIM,0.016217915,56.20948248283334,2.19067969322
MNIST,WGAN,0.012068,478.862,0.3176
